Comando,Fitness,Varianza
BL,21107,7226501.363576
BMB,26251,2008184.695799
ES,22406,7399936.143211
ILS,21448,7315899.773027
ILS-ES,17707,7476055.306393
